NOME DO ESTABELECIMENTO                               ,MED.AVALIACOES                     ,QNT.AVALIACOES                          ,ENDERECO COMPLETO                                                                     ,TIPO DE ESTABELECIMENTO                      ,CONTATO DO ESTABELECIMENTO ,LOGRADOURO                                            ,NUMERO ,BAIRRO ,CEP
POSTO SHELL                                           ,"4,1"                              ,(165)                                   ,"R. DELMIRO GOUVÊIA, 500 - SL A - COROA DO MEIO, ARACAJU - SE, 49035-500"             ,POSTO DE COMBUSTÍVEL                         ,Contato não disponível     ,R. DELMIRO GOUVÊIA                                    ,   500 ,       ,49035-500
POSTO CAMINHO DO MAR                                  ,"4,2"                              ,(160)                                   ,"RUA POETA MARIO JORGE MENEZES VIEIRA, 3444 - COROA DO MEIO, ARACAJU - SE, 49035-660" ,POSTO DE COMBUSTÍVEL                         ,(79) 98125-2688            ,RUA POETA MARIO JORGE MENEZES VIEIRA                  ,  3444 ,       ,49035-660
POSTO PETROX + GNV | 13 DE JULHO                      ,"4,4"                              ,(464)                                   ,"AV. GOV. PAULO BARRETO DE MENEZES, 770 - 13 DE JULHO, ARACAJU - SE, 49020-010"       ,POSTO DE COMBUSTÍVEL                         ,(79) 99932-7658            ,AV. GOV. PAULO BARRETO DE MENEZES                     ,   770 ,       ,49020-010
POSTO EKO                                             ,"3,2"                              ,(114)                                   ,"AV. PRES. TANCREDO NEVES, 670 - JARDINS, ARACAJU - SE, 49025-620"                    ,POSTO DE COMBUSTÍVEL                         ,(79) 99974-2718            ,AV. PRES. TANCREDO NEVES                              ,   670 ,       ,49025-620
POSTO TRAMANDAÍ                                       ,"4,3"                              ,(150)                                   ,"AV. FRANCISCO PORTO, 140 - 13 DE JULHO, ARACAJU - SE, 49020-120"                     ,POSTO DE COMBUSTÍVEL                         ,(79) 4009-5400             ,AV. FRANCISCO PORTO                                   ,   140 ,       ,49020-120
POSTO PETROBRAS                                       ,"4,2"                              ,(88)                                    ,"AV. PEDRO VALADARES, 680 - GRAGERU, ARACAJU - SE, 49025-090"                         ,POSTO DE COMBUSTÍVEL                         ,(79) 3248-5555             ,AV. PEDRO VALADARES                                   ,   680 ,       ,49025-090
POSTO PETROX ALPHA 3                                  ,"4,2"                              ,(205)                                   ,"AV. PRES. TANCREDO NEVES, 55-107 - INÁCIO BARBOSA, ARACAJU - SE, 49040-490"          ,POSTO DE COMBUSTÍVEL                         ,Contato não disponível     ,AV. PRES. TANCREDO NEVES                              ,    55 ,       ,49040-490
POSTO PETROBRAS                                       ,"4,2"                              ,(72)                                    ,"AV. FRANCISCO PORTO, 650 - SALGADO FILHO, ARACAJU - SE, 49020-120"                   ,POSTO DE COMBUSTÍVEL                         ,Contato não disponível     ,AV. FRANCISCO PORTO                                   ,   650 ,       ,49020-120
POSTO SHELL                                           ,"4,2"                              ,(177)                                   ,"AV. FRANCISCO PORTO, 140 - JARDINS, ARACAJU - SE, 49020-120"                         ,POSTO DE COMBUSTÍVEL                         ,Contato não disponível     ,AV. FRANCISCO PORTO                                   ,   140 ,       ,49020-120
POSTO AUTO CENTER                                     ,"4,1"                              ,(196)                                   ,"AV. ADÉLIA FRANCO, 2234 - LUZIA, ARACAJU - SE, 49048-010"                            ,POSTO DE COMBUSTÍVEL                         ,Contato não disponível     ,AV. ADÉLIA FRANCO                                     ,  2234 ,       ,49048-010
POSTO PETROX URQUIZA LEAL - MATRIZ                    ,"4,1"                              ,(359)                                   ,"R. URQUIZA LEAL, 118 - SALGADO FILHO, ARACAJU - SE, 49020-490"                       ,POSTO DE COMBUSTÍVEL                         ,(79) 3225-4300             ,R. URQUIZA LEAL                                       ,   118 ,       ,49020-490
POSTO PETROBRAS                                       ,"4,3"                              ,(178)                                   ,"AV. GOV. PAULO BARRETO DE MENEZES, 6 - SÃO JOSÉ, ARACAJU - SE, 49020-010"            ,POSTO DE COMBUSTÍVEL                         ,(79) 3179-7042             ,AV. GOV. PAULO BARRETO DE MENEZES                     ,     6 ,       ,49020-010
POSTO PETROBRAS                                       ,"3,0"                              ,(1)                                     ,"R.POETA, AV. MARIO JORGE MENEZES VIÊIRA, 3444, ARACAJU - SE, 49035-660"              ,POSTO DE COMBUSTÍVEL                         ,(79) 98125-2688            ,R.POETA                                               ,       ,       ,49035-660
POSTO PETROX ALPHA IV                                 ,"4,0"                              ,(130)                                   ,"R. ZAQUEU BRANDÃO, 442 - SÃO JOSÉ, ARACAJU - SE, 49015-330"                          ,POSTO DE COMBUSTÍVEL                         ,(79) 99948-3197            ,R. ZAQUEU BRANDÃO                                     ,   442 ,       ,49015-330
POSTO SHELL + GNV                                     ,"4,1"                              ,(507)                                   ,"AV. HERMES FONTES, SN - GRAGERU, ARACAJU - SE, 49026-020"                            ,POSTO DE COMBUSTÍVEL                         ,Contato não disponível     ,AV. HERMES FONTES                                     ,       ,       ,49026-020
POSTO SHELL                                           ,"4,1"                              ,(76)                                    ,"ANEXO POSTO - AV. DEPUTADO SÍLVIO TEIXEIRA, 1020 - JARDINS, ARACAJU - SE, 49025-100" ,POSTO DE COMBUSTÍVEL                         ,Contato não disponível     ,ANEXO POSTO - AV. DEPUTADO SÍLVIO TEIXEIRA            ,  1020 ,       ,49025-100
POSTO PETROBRAS                                       ,"4,4"                              ,(362)                                   ,"FAROLÂNDIA, ARACAJU - SE"                                                            ,POSTO DE COMBUSTÍVEL                         ,Contato não disponível     ,FAROLÂNDIA                                            ,       ,       ,
POSTO PETROBRAS                                       ,"4,3"                              ,(112)                                   ,"PRAÇA DA BANDEIRA, 171 - CENTRO, ARACAJU - SE, 49055-090"                            ,POSTO DE COMBUSTÍVEL                         ,(79) 3211-9856             ,PRAÇA DA BANDEIRA                                     ,   171 ,       ,49055-090
POSTO SAGRADO CORAÇÃO DE JESUS V                      ,"4,5"                              ,(917)                                   ,"R. LARANJEIRAS - GETÚLIO VARGAS, ARACAJU - SE, 49010-430"                            ,POSTO DE COMBUSTÍVEL                         ,(79) 3211-9731             ,R. LARANJEIRAS - GETÚLIO VARGAS                       ,       ,       ,49010-430
POSTO PETROBRAS                                       ,"4,1"                              ,(797)                                   ,"AV. PRES. TANCREDO NEVES, 4930 - PONTO NOVO, ARACAJU - SE, 49097-510"                ,POSTO DE COMBUSTÍVEL                         ,(79) 3179-3506             ,AV. PRES. TANCREDO NEVES                              ,  4930 ,       ,49097-510
POSTO PETROBRAS - REDE PRESIDENTE                     ,"4,2"                              ,(676)                                   ,"R. LARANJEIRAS, 1781 - CIRURGIA, ARACAJU - SE, 49055-380"                            ,POSTO DE COMBUSTÍVEL                         ,(79) 99972-1645            ,R. LARANJEIRAS                                        ,  1781 ,       ,49055-380
POSTO SHELL - TYRESOLES                               ,"4,2"                              ,(431)                                   ,"AV. GONÇALO ROLEMBERG LEITE, 1721 - LUZIA, ARACAJU - SE, 49045-280"                  ,POSTO DE COMBUSTÍVEL                         ,Contato não disponível     ,AV. GONÇALO ROLEMBERG LEITE                           ,  1721 ,       ,49045-280
POSTO SHELL + GNV                                     ,"4,3"                              ,(268)                                   ,"AV. PRES. TANCREDO NEVES, 1400 - JARDINS, ARACAJU - SE, 49025-620"                   ,POSTO DE COMBUSTÍVEL                         ,Contato não disponível     ,AV. PRES. TANCREDO NEVES                              ,  1400 ,       ,49025-620
POSTO PETROBRAS                                       ,"4,2"                              ,(167)                                   ,"AV. PROF. JOSÉ OLINO DE LIMA NETO, 150 - AMÉRICA, ARACAJU - SE, 49080-480"           ,POSTO DE COMBUSTÍVEL                         ,(79) 3259-1078             ,AV. PROF. JOSÉ OLINO DE LIMA NETO                     ,   150 ,       ,49080-480
POSTO APERIPÊ                                         ,"4,3"                              ,(1.656)                                 ,"AV. DES. MAYNARD, 770 - SUÍÇA, ARACAJU - SE, 49055-210"                              ,POSTO DE COMBUSTÍVEL                         ,(79) 3222-2987             ,AV. DES. MAYNARD                                      ,   770 ,       ,49055-210
POSTO EKO                                             ,"4,3"                              ,(259)                                   ,"AV. GONÇALO ROLEMBERG LEITE, 2454 - PEREIRA LOBO, ARACAJU - SE, 49050-370"           ,POSTO DE COMBUSTÍVEL                         ,Contato não disponível     ,AV. GONÇALO ROLEMBERG LEITE                           ,  2454 ,       ,49050-370
POSTO COTINGUIBA                                      ,"4,0"                              ,(32)                                    ,"AV. GOV. PAULO BARRETO DE MENEZES, 06 - 13 DE JULHO, ARACAJU - SE, 49020-010"        ,POSTO DE COMBUSTÍVEL                         ,(79) 3211-2666             ,AV. GOV. PAULO BARRETO DE MENEZES                     ,    06 ,       ,49020-010
POSTO SÃO JOSÉ                                        ,"5,0"                              ,(1)                                     ,"AV. GONÇALO PRADO ROLEMBERG, 379 - CENTRO, ARACAJU - SE, 49010-410"                  ,POSTO DE COMBUSTÍVEL                         ,Contato não disponível     ,AV. GONÇALO PRADO ROLEMBERG                           ,   379 ,       ,49010-410
PETROBRAS                                             ,"5,0"                              ,(1)                                     ,"R. RT NOVE - COROA DO MEIO, ARACAJU - SE, 49035-810"                                 ,POSTO DE COMBUSTÍVEL                         ,Contato não disponível     ,R. RT NOVE - COROA DO MEIO                            ,       ,       ,49035-810
POSTO DE COMBUSTÍVEL JC                               ,"4,4"                              ,(72)                                    ,"R. MARIANO SALMERON - SIQUEIRA CAMPOS, ARACAJU - SE, 49075-000"                      ,POSTO DE COMBUSTÍVEL                         ,(79) 3253-1674             ,R. MARIANO SALMERON - SIQUEIRA CAMPOS                 ,       ,       ,49075-000
POSTO RIO BRANCO                                      ,"4,2"                              ,(162)                                   ,"AV. RIO BRANCO, 353 - CENTRO, ARACAJU - SE, 49010-030"                               ,POSTO DE COMBUSTÍVEL                         ,(79) 3211-1306             ,AV. RIO BRANCO                                        ,   353 ,       ,49010-030
PETROX CENTRO                                         ,"4,1"                              ,(98)                                    ,"R. ESTANCIA, 745 - CENTRO, ARACAJU - SE, 49010-180"                                  ,POSTO DE COMBUSTÍVEL                         ,(79) 3304-0300             ,R. ESTANCIA                                           ,   745 ,       ,49010-180
POSTO PETROBRAS                                       ,"4,1"                              ,(703)                                   ,"AV. MELÍCIO MACHADO, 545 - ATALAIA, ARACAJU - SE, 49000-000"                         ,POSTO DE COMBUSTÍVEL                         ,(79) 98118-6747            ,AV. MELÍCIO MACHADO                                   ,   545 ,       ,49000-000
POSTO PETROX ALPHA I                                  ,"4,1"                              ,(494)                                   ,"AV. ROTARY, 20 - ATALAIA, ARACAJU - SE, 49037-550"                                   ,POSTO DE COMBUSTÍVEL                         ,Contato não disponível     ,AV. ROTARY                                            ,    20 ,       ,49037-550
POSTO PETROBRAS                                       ,"4,1"                              ,(150)                                   ,"AV. COELHO E CAMPOS, 1254 - CENTRO, ARACAJU - SE, 49060-000"                         ,POSTO DE COMBUSTÍVEL                         ,(79) 99997-2164            ,AV. COELHO E CAMPOS                                   ,  1254 ,       ,49060-000
POSTO PETROBRAS                                       ,"4,3"                              ,(210)                                   ,"AV EMPRESARIO - AV. JOSÉ CARLOS SILVA, 2003 - AEROPORTO, ARACAJU - SE, 49035-000"    ,POSTO DE COMBUSTÍVEL                         ,(79) 3248-5555             ,AV EMPRESARIO - AV. JOSÉ CARLOS SILVA                 ,  2003 ,       ,49035-000
POSTO 14 BIS                                          ,"4,3"                              ,(1.040)                                 ,"AV. JOSÉ CARLOS SILVA, 2003 - AEROPORTO, ARACAJU - SE, 49042-190"                    ,POSTO DE COMBUSTÍVEL                         ,(79) 3248-5555             ,AV. JOSÉ CARLOS SILVA                                 ,  2003 ,       ,49042-190
PETROX E SUPERTEM BEIRA MAR                           ,"4,3"                              ,(1.260)                                 ,"AV. GOV. PAULO BARRETO DE MENEZES, 662 - FAROLÂNDIA, ARACAJU - SE, 49032-000"        ,POSTO DE COMBUSTÍVEL                         ,(79) 3179-2760             ,AV. GOV. PAULO BARRETO DE MENEZES                     ,   662 ,       ,49032-000
POSTO PETROBRAS                                       ,"3,3"                              ,(3)                                     ,"R. URQUIZA LEAL, 607 - GRAGERU, ARACAJU - SE, 49020-490"                             ,POSTO DE COMBUSTÍVEL                         ,Contato não disponível     ,R. URQUIZA LEAL                                       ,   607 ,       ,49020-490
POSTO BR                                              ,"4,1"                              ,(91)                                    ,"1264, AV. DES. MAYNARD, 1166 - CAPUCHO, ARACAJU - SE"                                ,POSTO DE COMBUSTÍVEL                         ,(11) 91139-4088            ,1264                                                  ,       ,       ,
POSTO SHELL                                           ,"4,3"                              ,(456)                                   ,"AV. ADÉLIA FRANCO, 3380 - LUZIA, ARACAJU - SE, 49048-170"                            ,POSTO DE COMBUSTÍVEL                         ,Contato não disponível     ,AV. ADÉLIA FRANCO                                     ,  3380 ,       ,49048-170
POSTO PETROBRAS                                       ,"4,2"                              ,(154)                                   ,"AV PREFEITO HERACLITO ROLLEMBERG, 2760 - FAROLÂNDIA, ARACAJU - SE, 49030-640"        ,POSTO DE COMBUSTÍVEL                         ,(79) 3243-3680             ,AV PREFEITO HERACLITO ROLLEMBERG                      ,  2760 ,       ,49030-640
POSTO JARDINS                                         ,"4,0"                              ,(26)                                    ,"AV. DEPUTADO SÍLVIO TEIXEIRA, 1283 - JARDINS, ARACAJU - SE, 49025-100"               ,POSTO DE COMBUSTÍVEL                         ,Contato não disponível     ,AV. DEPUTADO SÍLVIO TEIXEIRA                          ,  1283 ,       ,49025-100
POSTO PETROBRAS                                       ,"3,8"                              ,(32)                                    ,"AV. AUGUSTO FRANCO, 2990 - PONTO NOVO, ARACAJU - SE, 49097-670"                      ,POSTO DE COMBUSTÍVEL                         ,(79) 3249-1115             ,AV. AUGUSTO FRANCO                                    ,  2990 ,       ,49097-670
PETROX ALAGOAS                                        ,"4,3"                              ,(485)                                   ,"R. PARAÍBA, 240 - AMÉRICA, ARACAJU - SE, 49085-510"                                  ,POSTO DE COMBUSTÍVEL                         ,Contato não disponível     ,R. PARAÍBA                                            ,   240 ,       ,49085-510
POSTO PETROBRAS                                       ,"4,0"                              ,(83)                                    ,"AV. JOÃO RIBEIRO, 680/684 - SANTO ANTÔNIO, ARACAJU - SE, 49065-000"                  ,POSTO DE COMBUSTÍVEL                         ,(79) 99959-5908            ,AV. JOÃO RIBEIRO                                      ,   680 ,       ,49065-000
POSTO PETROBRAS                                       ,"4,1"                              ,(203)                                   ,"R. NICEU DANTAS, 81 - ATALAIA, ARACAJU - SE, 49037-470"                              ,POSTO DE COMBUSTÍVEL                         ,(79) 3243-5341             ,R. NICEU DANTAS                                       ,    81 ,       ,49037-470
POSTO DE COMBUSTÍVEIS AEROPOSTO                       ,"4,3"                              ,(44)                                    ,"AEROPORTO, ARACAJU - SE"                                                             ,POSTO DE COMBUSTÍVEL                         ,(79) 99807-2771            ,AEROPORTO                                             ,       ,       ,
POSTO PETROBRAS                                       ,"3,8"                              ,(5)                                     ,"INACIO BARBOSA - TRAVESSA J, 4818 - JARDIM CENTENÁRIO, ARACAJU - SE, 49040-230"      ,POSTO DE COMBUSTÍVEL                         ,(79) 3249-2427             ,INACIO BARBOSA - TRAVESSA J                           ,  4818 ,       ,49040-230
PETROX ALPHA 5                                        ,"4,2"                              ,(867)                                   ,"AV. PRES. TANCREDO NEVES, 3322 - PONTO NOVO, ARACAJU - SE, 49097-510"                ,POSTO DE COMBUSTÍVEL                         ,Contato não disponível     ,AV. PRES. TANCREDO NEVES                              ,  3322 ,       ,49097-510
REDE PRESIDENTE | COELHO E CAMPOS                     ,"4,1"                              ,(413)                                   ,"AV. COELHO E CAMPOS, 1254 - CENTRO, ARACAJU - SE, 49060-000"                         ,POSTO DE COMBUSTÍVEL                         ,(79) 3179-3220             ,AV. COELHO E CAMPOS                                   ,  1254 ,       ,49060-000
POSTO PETROBRAS                                       ,"4,1"                              ,(129)                                   ,"AV. SIMEÃO SOBRAL, 1179 - SANTO ANTÔNIO, ARACAJU - SE, 49060-640"                    ,POSTO DE COMBUSTÍVEL                         ,(79) 3179-2442             ,AV. SIMEÃO SOBRAL                                     ,  1179 ,       ,49060-640
POSTO SERRANO                                         ,"4,4"                              ,(56)                                    ,"AV. DR. JOSÉ DA SILVA RIBEIRO FILHO - SIQUEIRA CAMPOS, ARACAJU - SE, 49075-170"      ,POSTO DE COMBUSTÍVEL                         ,(79) 3303-8687             ,AV. DR. JOSÉ DA SILVA RIBEIRO FILHO - SIQUEIRA CAMPOS ,       ,       ,49075-170
POSTO PETROBRAS                                       ,"4,7"                              ,(13)                                    ,"AV. AUGUSTO FRANCO, 2040 - SIQUEIRA CAMPOS, ARACAJU - SE, 49075-100"                 ,POSTO DE COMBUSTÍVEL                         ,(79) 99997-2164            ,AV. AUGUSTO FRANCO                                    ,  2040 ,       ,49075-100
POSTO PETROBRAS                                       ,"3,7"                              ,(50)                                    ,"AV. ADÉLIA FRANCO, 2234 - LUZIA, ARACAJU - SE, 49048-010"                            ,POSTO DE COMBUSTÍVEL                         ,Contato não disponível     ,AV. ADÉLIA FRANCO                                     ,  2234 ,       ,49048-010
POSTO PETROBRAS                                       ,"4,4"                              ,(20)                                    ,"AV. MARANHÃO, 1554 - 18 DO FORTE, ARACAJU - SE, 49072-000"                           ,POSTO DE COMBUSTÍVEL                         ,(79) 99997-2164            ,AV. MARANHÃO                                          ,  1554 ,       ,49072-000
POSTO VASPETRO                                        ,"4,1"                              ,(17)                                    ,"AV. BARÃO DE MARUIM, 552 - CENTRO, ARACAJU - SE, 49010-340"                          ,POSTO DE COMBUSTÍVEL                         ,(79) 3222-1050             ,AV. BARÃO DE MARUIM                                   ,   552 ,       ,49010-340
REDE PRESIDENTE | TECARMO                             ,"4,3"                              ,(360)                                   ,"ROD. DOS NÁUFRAGOS, 1900 - ARUANA, ARACAJU - SE, 49008-093"                          ,POSTO DE COMBUSTÍVEL                         ,(79) 98851-4418            ,ROD. DOS NÁUFRAGOS                                    ,  1900 ,       ,49008-093
POSTO TREVO                                           ,"4,3"                              ,(351)                                   ,"AV. PRES. TANCREDO NEVES, 2551 - INÁCIO BARBOSA, ARACAJU - SE, 49095-000"            ,POSTO DE COMBUSTÍVEL                         ,(79) 3249-1115             ,AV. PRES. TANCREDO NEVES                              ,  2551 ,       ,49095-000
POSTO PETROBRAS                                       ,"4,2"                              ,(20)                                    ,"AV. PRES. TANCREDO NEVES - CAPUCHO, ARACAJU - SE, 49095-000"                         ,POSTO DE COMBUSTÍVEL                         ,Contato não disponível     ,AV. PRES. TANCREDO NEVES - CAPUCHO                    ,       ,       ,49095-000
POSTO SERRANO                                         ,"4,2"                              ,(178)                                   ,"R. SÃO CRISTÓVÃO, 1877 - GETÚLIO VARGAS, ARACAJU - SE, 49055-620"                    ,POSTO DE COMBUSTÍVEL                         ,Contato não disponível     ,R. SÃO CRISTÓVÃO                                      ,  1877 ,       ,49055-620
POSTO SHELL                                           ,"4,3"                              ,(209)                                   ,"AV. JOSÉ CARLOS SILVA, 4669 - SÃO CONRADO, ARACAJU - SE, 49030-640"                  ,POSTO DE COMBUSTÍVEL                         ,Contato não disponível     ,AV. JOSÉ CARLOS SILVA                                 ,  4669 ,       ,49030-640
POSTO RPB TANCREDO NEVES                              ,"4,5"                              ,(52)                                    ,"AV. PRES. TANCREDO NEVES - CAPUCHO, ARACAJU - SE, 49095-000"                         ,POSTO DE COMBUSTÍVEL                         ,(79) 98813-3636            ,AV. PRES. TANCREDO NEVES - CAPUCHO                    ,       ,       ,49095-000
AUTO POSTO PETROX                                     ,"4,0"                              ,(176)                                   ,"AV. MURILO DANTAS, 941 - FAROLÂNDIA, ARACAJU - SE, 49032-490"                        ,POSTO DE COMBUSTÍVEL                         ,(79) 3248-3677             ,AV. MURILO DANTAS                                     ,   941 ,       ,49032-490
POSTO PETROBRAS                                       ,"4,0"                              ,(182)                                   ,"R. FIRMINO FONTES, 233 - FAROLÂNDIA, ARACAJU - SE, 49037-220"                        ,POSTO DE COMBUSTÍVEL                         ,Contato não disponível     ,R. FIRMINO FONTES                                     ,   233 ,       ,49037-220
POSTO PETROX LAMARÃO                                  ,"4,0"                              ,(525)                                   ,"AV. PAULO FIGUEIREDO BARRETO - LAMARÃO, ARACAJU - SE, 49088-010"                     ,POSTO DE COMBUSTÍVEL                         ,(79) 3225-4300             ,AV. PAULO FIGUEIREDO BARRETO - LAMARÃO                ,       ,       ,49088-010
POSTO PRESIDENTE                                      ,"4,1"                              ,(182)                                   ,"AV. MARANHÃO, 1554 - 18 DO FORTE, ARACAJU - SE, 49072-000"                           ,POSTO DE COMBUSTÍVEL                         ,(79) 3245-2757             ,AV. MARANHÃO                                          ,  1554 ,       ,49072-000
VENEZA AUTO POSTO GNV                                 ,"4,0"                              ,(901)                                   ,"AV. ALCÍDES FONTES, 290 - NOVA VENEZA, ARACAJU - SE, 49085-020"                      ,POSTO DE COMBUSTÍVEL                         ,(79) 3241-4664             ,AV. ALCÍDES FONTES                                    ,   290 ,       ,49085-020
PETROBRAS - EDISER                                    ,"4,3"                              ,(906)                                   ,"RUA ACRE, 2504 - AMÉRICA, ARACAJU - SE, 49080-010"                                   ,POSTO DE COMBUSTÍVEL                         ,(79) 3212-2368             ,RUA ACRE                                              ,  2504 ,       ,49080-010
AUTO POSTO MAR AZUL SHELL                             ,"4,2"                              ,(145)                                   ,"AV. GEN. EUCLÍDES FIGUEIREDO, 09 - PORTO D'ANTAS, ARACAJU - SE, 49067-000"           ,POSTO DE COMBUSTÍVEL                         ,Contato não disponível     ,AV. GEN. EUCLÍDES FIGUEIREDO                          ,    09 ,       ,49067-000
BR                                                    ,"5,0"                              ,(1)                                     ,"R. CONSTRUTOR JOÃO ALVES, 279 - 13 DE JULHO, ARACAJU - SE, 49020-365"                ,POSTO DE COMBUSTÍVEL                         ,Contato não disponível     ,R. CONSTRUTOR JOÃO ALVES                              ,   279 ,       ,49020-365
PETROX - AUTO POSTO                                   ,"4,1"                              ,(149)                                   ,"AV. JOÃO RIBEIRO, 565 - SANTO ANTÔNIO, ARACAJU - SE, 49060-330"                      ,POSTO DE COMBUSTÍVEL                         ,(79) 3215-8049             ,AV. JOÃO RIBEIRO                                      ,   565 ,       ,49060-330
POSTO CEASA                                           ,"4,0"                              ,(68)                                    ,"AV. ENG. GENTIL TAVARES, 381 - GETÚLIO VARGAS, ARACAJU - SE, 49055-260"              ,POSTO DE COMBUSTÍVEL                         ,(79) 98136-4852            ,AV. ENG. GENTIL TAVARES                               ,   381 ,       ,49055-260
POSTO PETROBRAS                                       ,"5,0"                              ,(1)                                     ,"AV. MARECHAL RONDON, 1320 - CAPUCHO, ARACAJU - SE, 49081-120"                        ,POSTO DE COMBUSTÍVEL                         ,(79) 99997-2164            ,AV. MARECHAL RONDON                                   ,  1320 ,       ,49081-120
POSTO PETROX CASTELO BRANCO                           ,"4,0"                              ,(294)                                   ,"AV. ACRÍSIO GARCEZ, 195 - PONTO NOVO, ARACAJU - SE, 49097-050"                       ,POSTO DE COMBUSTÍVEL                         ,Contato não disponível     ,AV. ACRÍSIO GARCEZ                                    ,   195 ,       ,49097-050
POSTO JAGUAR II                                       ,"4,2"                              ,(102)                                   ,"AV. JOSÉ CARLOS SILVA, 4669 - SÃO CONRADO, ARACAJU - SE, 49042-190"                  ,POSTO DE COMBUSTÍVEL                         ,(79) 3251-3213             ,AV. JOSÉ CARLOS SILVA                                 ,  4669 ,       ,49042-190
BR MANIA                                              ,"4,4"                              ,(16)                                    ,"AV. PEDRO VALADARES, 680 - GRAGERU, ARACAJU - SE, 49026-115"                         ,LOJA DE CONVENIÊNCIA                         ,Contato não disponível     ,AV. PEDRO VALADARES                                   ,   680 ,       ,49026-115
POSTO PETROX ARUANA                                   ,"4,3"                              ,(1.544)                                 ,"ROD. DOS NÁUFRAGOS, 4700 - ARUANA, ARACAJU - SE, 49000-016"                          ,POSTO DE COMBUSTÍVEL                         ,(79) 3304-0300             ,ROD. DOS NÁUFRAGOS                                    ,  4700 ,       ,49000-016
POSTO PETROBRAS                                       ,"3,9"                              ,(46)                                    ,"AV. PRES. JUSCELINO KUBITSCHECK, 384 - PALESTINA, ARACAJU - SE, 49060-270"           ,POSTO DE COMBUSTÍVEL                         ,(79) 99997-2164            ,AV. PRES. JUSCELINO KUBITSCHECK                       ,   384 ,       ,49060-270
POSTO PETROX                                          ,"4,1"                              ,(783)                                   ,"AV. PRES. TANCREDO NEVES, 4501 - INÁCIO BARBOSA, ARACAJU - SE, 49095-000"            ,POSTO DE COMBUSTÍVEL                         ,(79) 3225-4316             ,AV. PRES. TANCREDO NEVES                              ,  4501 ,       ,49095-000
POSTO PETROBRAS                                       ,"4,2"                              ,(347)                                   ,"ROD. DOS NÁUFRAGOS, 11800 - MOSQUEIRO, ARACAJU - SE, 49008-093"                      ,POSTO DE COMBUSTÍVEL                         ,(79) 3248-5555             ,ROD. DOS NÁUFRAGOS                                    , 11800 ,       ,49008-093
POSTO PETROBRAS                                       ,Média de avaliações não disponível ,Quantidade de avaliações não disponível ,"AV. DR. CARLOS FIRPO, 265 - CENTRO, ARACAJU - SE, 49010-250"                         ,POSTO DE COMBUSTÍVEL                         ,Contato não disponível     ,AV. DR. CARLOS FIRPO                                  ,   265 ,       ,49010-250
POSTO COMBUSTÍVEL TYRESOLES                           ,"4,4"                              ,(124)                                   ,"ROD. DOS NÁUFRAGOS, 3685 - GAMELEIRA, ARACAJU - SE, 49008-090"                       ,POSTO DE COMBUSTÍVEL                         ,Contato não disponível     ,ROD. DOS NÁUFRAGOS                                    ,  3685 ,       ,49008-090
POSTO CENTRAL                                         ,"3,8"                              ,(23)                                    ,"R. JAPARATUBA, 387 - SANTO ANTÔNIO, ARACAJU - SE, 49060-640"                         ,POSTO DE COMBUSTÍVEL                         ,(79) 3179-2447             ,R. JAPARATUBA                                         ,   387 ,       ,49060-640
SINDICATO DOS REVENDEDORES DE COMBUSTÍVEIS DE SERGIPE ,"5,0"                              ,(4)                                     ,"R. DEP. EUCLÍDES PAES MENDONÇA, 871 - SALGADO FILHO, ARACAJU - SE, 49020-460"        ,POSTO DE COMBUSTÍVEL                         ,(79) 3214-4708             ,R. DEP. EUCLÍDES PAES MENDONÇA                        ,   871 ,       ,49020-460
POSTO SERRANO                                         ,"4,3"                              ,(331)                                   ,"742, R. PARAÍBA, 706 - AMÉRICA, ARACAJU - SE"                                        ,POSTO DE COMBUSTÍVEL                         ,Contato não disponível     ,742                                                   ,       ,       ,
JARDINS DELICATESSEN                                  ,"4,3"                              ,(553)                                   ,"AV. PRES. TANCREDO NEVES, 7604 - AMÉRICA, ARACAJU - SE, 49080-470"                   ,POSTO DE COMBUSTÍVEL                         ,(79) 99191-4432            ,AV. PRES. TANCREDO NEVES                              ,  7604 ,       ,49080-470
POSTO SHELL                                           ,"4,1"                              ,(25)                                    ,"AV. PRES. TANCREDO NEVES, 7604 - AMÉRICA, ARACAJU - SE, 49080-470"                   ,POSTO DE COMBUSTÍVEL                         ,Contato não disponível     ,AV. PRES. TANCREDO NEVES                              ,  7604 ,       ,49080-470
POSTO SÃO JOÃO                                        ,Média de avaliações não disponível ,Quantidade de avaliações não disponível ,"AV. GONÇALO ROLEMBERG LEITE - SÃO JOSÉ, ARACAJU - SE, 49015-230"                     ,POSTO DE COMBUSTÍVEL                         ,(79) 99911-5773            ,AV. GONÇALO ROLEMBERG LEITE - SÃO JOSÉ                ,       ,       ,49015-230
BR PETROBRAS                                          ,"5,0"                              ,(1)                                     ,"AV. HERMES FONTES, 12 - CIRURGIA, ARACAJU - SE, 49052-000"                           ,POSTO DE COMBUSTÍVEL                         ,Contato não disponível     ,AV. HERMES FONTES                                     ,    12 ,       ,49052-000
POSTO PETROBRAS                                       ,"4,7"                              ,(10)                                    ,"AV. BARÃO DE MARUIM, 552 - SALA 5 - CENTRO, ARACAJU - SE, 49010-340"                 ,POSTO DE COMBUSTÍVEL                         ,(79) 99971-0419            ,AV. BARÃO DE MARUIM                                   ,   552 ,       ,49010-340
POSTO BARÃO                                           ,"4,3"                              ,(3)                                     ,"AV. BARÃO DE MARUIM, 552 - SUÍÇA, ARACAJU - SE, 49015-040"                           ,POSTO DE COMBUSTÍVEL                         ,(79) 3222-1050             ,AV. BARÃO DE MARUIM                                   ,   552 ,       ,49015-040
POSTO PETROBRAS                                       ,"4,2"                              ,(93)                                    ,"R. MARIANO SALMERON, 772 - SIQUEIRA CAMPOS, ARACAJU - SE, 49075-370"                 ,POSTO DE COMBUSTÍVEL                         ,(79) 3253-1674             ,R. MARIANO SALMERON                                   ,   772 ,       ,49075-370
BR MANIA CONVENIÊNCIA                                 ,"4,8"                              ,(4)                                     ,"AV. FRANCISCO PORTO, 1086 - SALGADO FILHO, ARACAJU - SE, 49020-120"                  ,LOJA DE CONVENIÊNCIA                         ,Contato não disponível     ,AV. FRANCISCO PORTO                                   ,  1086 ,       ,49020-120
POSTO PETROX PORTO DANTAS                             ,"4,3"                              ,(86)                                    ,"AV. GEN. EUCLÍDES FIGUEIREDO, 953 - PORTO D'ANTAS, ARACAJU - SE, 49067-013"          ,POSTO DE COMBUSTÍVEL                         ,(79) 3304-0300             ,AV. GEN. EUCLÍDES FIGUEIREDO                          ,   953 ,       ,49067-013
REFLORESTE                                            ,Média de avaliações não disponível ,Quantidade de avaliações não disponível ,"R. TERÊNCIO SAMPAIO, 79 - GRAGERU, ARACAJU - SE, 49025-700"                          ,POSTO DE COMBUSTÍVEL                         ,(79) 3211-1051             ,R. TERÊNCIO SAMPAIO                                   ,    79 ,       ,49025-700
POSTO REDE PRESIDENTE                                 ,"4,0"                              ,(8)                                     ,"AV. TANCREDO CAMPOS, 800 - INDUSTRIAL, ARACAJU - SE, 49065-780"                      ,POSTO DE COMBUSTÍVEL                         ,Contato não disponível     ,AV. TANCREDO CAMPOS                                   ,   800 ,       ,49065-780
BR MANIA CONVENIÊNCIA                                 ,Média de avaliações não disponível ,Quantidade de avaliações não disponível ,"AV. FRANCISCO PORTO, 650 - SALGADO FILHO, ARACAJU - SE, 49020-120"                   ,LOJA DE CONVENIÊNCIA                         ,Contato não disponível     ,AV. FRANCISCO PORTO                                   ,   650 ,       ,49020-120
POSTO PETROBRAS                                       ,"5,0"                              ,(1)                                     ,"AV. GEN. EUCLÍDES FIGUEIREDO, 549 - SOLEDADE, ARACAJU - SE, 49089-025"               ,POSTO DE COMBUSTÍVEL                         ,(79) 99956-6666            ,AV. GEN. EUCLÍDES FIGUEIREDO                          ,   549 ,       ,49089-025
IPIRANGA                                              ,Média de avaliações não disponível ,Quantidade de avaliações não disponível ,"AV. RIO BRANCO, 353 - CENTRO, ARACAJU - SE"                                          ,POSTO DE COMBUSTÍVEL                         ,(79) 3214-2419             ,AV. RIO BRANCO                                        ,   353 ,       ,
POSTO ALPHA 07                                        ,"3,0"                              ,(3)                                     ,"AV. MARIO JORGE MENEZES VIÊIRA, 1703 - COROA DO MEIO, ARACAJU - SE, 49035-660"       ,POSTO DE COMBUSTÍVEL                         ,Contato não disponível     ,AV. MARIO JORGE MENEZES VIÊIRA                        ,  1703 ,       ,49035-660
PETROX SARNEY                                         ,"4,6"                              ,(38)                                    ,"AV. INÁCIO BARBOSA, 6450 - ARUANA, ARACAJU - SE, 49033-596"                          ,POSTO DE COMBUSTÍVEL                         ,(79) 3114-6016             ,AV. INÁCIO BARBOSA                                    ,  6450 ,       ,49033-596
POSTO REDE PRESIDENTE | CAPUCHO                       ,"5,0"                              ,(1)                                     ,"AV. MARECHAL RONDON, 1320 - CAPUCHO, ARACAJU - SE, 49081-120"                        ,POSTO DE COMBUSTÍVEL                         ,(79) 99819-6439            ,AV. MARECHAL RONDON                                   ,  1320 ,       ,49081-120
POSTO DE COMBUSTÍVEL BR                               ,"4,3"                              ,(61)                                    ,"R. DO TOQUE, 136 - SOLEDADE, ARACAJU - SE, 49089-095"                                ,POSTO DE COMBUSTÍVEL                         ,Contato não disponível     ,R. DO TOQUE                                           ,   136 ,       ,49089-095
POSTO MANIA||                                         ,Média de avaliações não disponível ,Quantidade de avaliações não disponível ,"AV. RIO POXIM, 2A - JABOTIANA, ARACAJU - SE, 49095-545"                              ,POSTO DE COMBUSTÍVEL                         ,(79) 99841-6552            ,AV. RIO POXIM                                         ,     2 ,       ,49095-545
POSTO GAMA E CIA                                      ,"4,0"                              ,(5)                                     ,"AV. AUGUSTO FRANCO, 2990 - PONTO NOVO, ARACAJU - SE, 49097-670"                      ,POSTO DE COMBUSTÍVEL                         ,Contato não disponível     ,AV. AUGUSTO FRANCO                                    ,  2990 ,       ,49097-670
AUTO POSTO UNIVERSIDADE                               ,"3,8"                              ,(31)                                    ,"AV. MARECHAL RONDON, 1320 - CAPUCHO, ARACAJU - SE, 49095-000"                        ,POSTO DE COMBUSTÍVEL                         ,Contato não disponível     ,AV. MARECHAL RONDON                                   ,  1320 ,       ,49095-000
BR                                                    ,"4,4"                              ,(23)                                    ,"R. PRES. JÂNIO QUADROS - OLARIA, ARACAJU - SE, 49092-180"                            ,POSTO DE COMBUSTÍVEL                         ,Contato não disponível     ,R. PRES. JÂNIO QUADROS - OLARIA                       ,       ,       ,49092-180
BRANCA                                                ,Média de avaliações não disponível ,Quantidade de avaliações não disponível ,"AV. PRES. TANCREDO NEVES, 670 - JARDINS, ARACAJU - SE, 49025-620"                    ,POSTO DE COMBUSTÍVEL                         ,(79) 3046-7292             ,AV. PRES. TANCREDO NEVES                              ,   670 ,       ,49025-620
AUTO POSTO PETROX - POSTO ALPHA II                    ,"3,8"                              ,(61)                                    ,"AV. MARIO JORGE MENEZES VIÊIRA, 59 - ATALAIA, ARACAJU - SE, 49035-660"               ,POSTO DE ABASTECIMENTO DE VEÍCULOS ELÉTRICOS ,(79) 3304-0300             ,AV. MARIO JORGE MENEZES VIÊIRA                        ,    59 ,       ,49035-660
POSTO SÃO CRISTÓVÃO                                   ,"4,3"                              ,(22)                                    ,"R. MARIANO SALMERON, 709 - SIQUEIRA CAMPOS, ARACAJU - SE, 49075-000"                 ,POSTO DE COMBUSTÍVEL                         ,(79) 3241-3474             ,R. MARIANO SALMERON                                   ,   709 ,       ,49075-000
POSTO PETROX                                          ,"4,2"                              ,(480)                                   ,"ARUANA, ARACAJU - SE"                                                                ,POSTO DE COMBUSTÍVEL                         ,(79) 3304-0300             ,ARUANA                                                ,       ,       ,
SHELL                                                 ,Média de avaliações não disponível ,Quantidade de avaliações não disponível ,"AV. DR. JOSÉ DA SILVA RIBEIRO FILHO - SUÍÇA, ARACAJU - SE, 49075-170"                ,POSTO DE COMBUSTÍVEL                         ,Contato não disponível     ,AV. DR. JOSÉ DA SILVA RIBEIRO FILHO - SUÍÇA           ,       ,       ,49075-170
POSTO PETROBRAS                                       ,Média de avaliações não disponível ,Quantidade de avaliações não disponível ,"AV. ENG. GENTIL TAVARES, 381 - GETÚLIO VARGAS, ARACAJU - SE, 49055-670"              ,POSTO DE COMBUSTÍVEL                         ,Contato não disponível     ,AV. ENG. GENTIL TAVARES                               ,   381 ,       ,49055-670
POSTO ALPHA 04                                        ,Média de avaliações não disponível ,Quantidade de avaliações não disponível ,"AV. DR. EDELZIO VIEIRA DE MELO, 110B - SÃO JOSÉ, ARACAJU - SE, 49015-330"            ,POSTO DE COMBUSTÍVEL                         ,Contato não disponível     ,AV. DR. EDELZIO VIEIRA DE MELO                        ,   110 ,       ,49015-330
POSTO SORRISO                                         ,"4,2"                              ,(28)                                    ,"AV. GEN. EUCLÍDES FIGUEIREDO, 3281 - PORTO D'ANTAS, ARACAJU - SE, 49089-025"         ,POSTO DE COMBUSTÍVEL                         ,Contato não disponível     ,AV. GEN. EUCLÍDES FIGUEIREDO                          ,  3281 ,       ,49089-025
BR MANIA CONVENIÊNCIA                                 ,Média de avaliações não disponível ,Quantidade de avaliações não disponível ,"TRAVESSA J. DISTRITO INDUSTRIAL, 4818 - INÁCIO BARBOSA, ARACAJU - SE, 49042-190"     ,LOJA DE CONVENIÊNCIA                         ,Contato não disponível     ,TRAVESSA J. DISTRITO INDUSTRIAL                       ,  4818 ,       ,49042-190
BRANCA                                                ,Média de avaliações não disponível ,Quantidade de avaliações não disponível ,"AV. FRANCISCO PORTO, 650 - SALGADO FILHO, ARACAJU - SE, 49020-120"                   ,POSTO DE COMBUSTÍVEL                         ,(79) 3246-5590             ,AV. FRANCISCO PORTO                                   ,   650 ,       ,49020-120
PETROX LUB                                            ,"3,6"                              ,(43)                                    ,"AV. ALEXANDRE ALCINO, 1200 - SANTA MARIA, ARACAJU - SE, 49044-093"                   ,SERVIÇO DE TROCA DE ÓLEO                     ,(79) 98119-6229            ,AV. ALEXANDRE ALCINO                                  ,  1200 ,       ,49044-093
AERO POSTO SANTA MARIA                                ,"4,0"                              ,(2)                                     ,"AV. JOSÉ CARLOS SILVA, 2003 - FAROLÂNDIA, ARACAJU - SE, 49030-640"                   ,POSTO DE COMBUSTÍVEL                         ,(79) 3248-5555             ,AV. JOSÉ CARLOS SILVA                                 ,  2003 ,       ,49030-640
